home,away,tipoff,tipstring,true_home_game,conf,key,spread_home,spread,line_movement,home_public_percentage,home_ats,away_ats,total,over_pct,home_adj_o,home_adj_d,away_adj_o,away_adj_d,home_temp,away_temp,home_o,away_o,home_em,away_em,tempo,em_diff,pmargin,home_portg,away_portg,ptotal,DT_home_winner,DT_home_big,DT_away_big,DT_spread_diff,DT_home_fav,DT_away_fav,DT_home_movement,DT_away_movement,DT_home_public,DT_away_public,DT_home_ats,DT_away_ats,DT_home_FT,DT_away_FT,DT_home_tPAr,DT_away_tPAr,DT_home_reb,DT_away_reb,DT_home_TOVP,DT_away_TOVP,DT_home_over,DT_away_over,DT_pover,DT_total_diff,DT_over_pct
Northwestern,Valparaiso,20:00:00,7:00 PM CT,1,0,"('Northwestern', 'Valparaiso')","(-11.0, -110)",-11.0,-1.5,72.0,0.375,0.7142857142857143,139.5,30.0,114.90097082355537,90.8930816254399,95.7639291047982,74.08815150779431,66.75188633666387,73.40432023472248,3,-2,24.007889198115464,21.675777597003886,70.07810328569317,0.14332111601111577,5,97.49456116567484,91.32850536511904,132,0,1,0,1,0,1,1,0,1,0,0,1,1,1,1,0,0,1,0,1,0.42857142857142855,0.5,0,1,0
USC,Santa Clara,22:00:00,9:00 PM CT,1,0,"('USC', 'Santa Clara')","(-15.5, -110)",-15.5,2.0,73.0,0.5714285714285714,0.14285714285714285,141.0,58.0,106.0415528789604,83.83092615712198,102.04926027987246,117.74174914165964,76.53819472331959,61.40720623828948,3,-2,22.210626721838423,-15.692488861787183,68.97270048080453,0.49903115583625607,14,114.89165101031003,90.94009321849722,142,0,1,0,0,0,0,0,1,1,0,1,0,0,0,0,1,1,0,0,0,0.3333333333333333,0.6,1,0,1
Northern Arizona,South Dakota,21:30:00,8:30 PM CT,1,0,"('Northern Arizona', 'South Dakota')","(13.5, -110)",13.5,1.0,33.0,0.42857142857142855,0.75,145.0,57.0,73.03664256852241,111.43216708250058,113.43090083131727,90.02682898687257,75.75305849121297,72.7431194491113,3,-2,-38.395524513978174,23.4040718444447,74.24808897016214,-0.49799596358422876,-15,84.53173577769749,110.43153395690894,145,0,0,1,0,0,0,0,1,0,1,0,1,1,1,0,0,0,1,1,0,0.6666666666666666,0.6666666666666666,0,0,1
Baylor,Texas Southern,20:30:00,7:30 PM CT,1,0,"('Baylor', 'Texas Southern')","(-19.0, -110)",-19.0,0.0,69.0,0.5,1.0,142.5,77.0,114.74442784927162,77.20531445386978,109.53738114035907,107.66017064867471,61.72373533249143,75.6754213531087,3,-2,37.53911339540184,1.877210491684366,68.69957834280007,0.47661902903717474,13,114.20229924897316,91.37134779711442,141,0,1,0,1,0,1,0,0,1,0,0,1,0,0,0,0,1,0,0,0,0.0,0.0,0,0,1
