{"prob": 0.5, "data": [], "depth": 0, "next0": {"prob": 0.5050100200400802, "data": [], "depth": 1, "value": 0, "pick_fav": -0.5, "next1": {"prob": 0.5486725663716814, "data": [